time_to_maturity_years,callable_bond_value,straight_bond_value,option_value,call_probability,callable_values_std
3,99.47360619977557,99.99999999661277,0.5263937968371977,0.202,1.8470537873421977
4,98.76494234901027,99.99999999558152,1.2350576465712493,0.321,2.545357388878457
5,98.18156425944224,99.99999999459561,1.818435735153372,0.354,3.078384241346537
6,97.51435870664125,99.99999999365306,2.4856412870118163,0.411,3.9344133852338024
7,96.9365161235746,99.99999999275197,3.063483869177361,0.463,4.759176170140218
8,96.12793045181917,99.99999999189049,3.8720695400713225,0.489,5.708533680469161
10,95.23509708540756,99.99999999027955,4.764902904871988,0.492,6.948969935832673
