straight_bond_ytm,callable_bond_value,straight_bond_value,option_value,call_probability,callable_values_std
0.025,102.03290235140433,107.90014583194154,5.867243480537212,0.825,0.9212483741706594
0.030000000000000002,101.46678060603078,105.94735743973224,4.480576833701463,0.745,1.2046210964872006
0.035,100.80341629371156,104.04038712482063,3.236970831109062,0.615,1.5356967126057477
0.04000000000000001,99.92377105410019,102.1779371300096,2.25416607590941,0.439,2.0554811415235825
0.045000000000000005,98.90929741682173,100.35875256535371,1.4494551485319818,0.33,2.528081808843962
0.05,97.81224363217983,98.58161979399823,0.7693761618183999,0.223,2.874491236860557
0.05500000000000001,96.36206778627101,96.84536488616237,0.4832970998913595,0.123,3.1925714009433976
0.06000000000000001,95.22242797293835,95.1488521380799,-0.07357583485844543,0.095,3.35663033289073
