coupon_rate,callable_bond_value,straight_bond_value,option_value,call_probability,callable_values_std
0.03,93.96340512795756,94.2733636024458,0.30995847448824065,0.055,3.638594204208244
0.034999999999999996,95.82529291798916,96.0629374753007,0.23764455731154044,0.104,3.2531725253665615
0.039999999999999994,97.23277189113664,97.85251134815563,0.6197394570189942,0.172,3.0989796164536445
0.04499999999999999,98.53946710986888,99.64208522101055,1.1026181111416662,0.293,2.6007641599973517
0.04999999999999999,99.69224819778432,101.43165909386545,1.7394108960811252,0.424,2.183618499627649
0.054999999999999986,100.48858610973548,103.22123296672036,2.7326468569848856,0.55,1.7684734002320723
0.059999999999999984,101.20986825279148,105.01080683957527,3.8009385867837864,0.693,1.292879767740711
0.06499999999999997,101.79891348412525,106.80038071243018,5.001467228304932,0.819,0.9410497765700261
0.06999999999999998,102.34096284996794,108.58995458528511,6.248991735317176,0.892,0.7218966271729195
