sigma,callable_bond_value,straight_bond_value,option_value,call_probability,callable_values_std
0.005,99.45227329991309,99.99999999558152,0.5477266956684304,0.167,1.600329845335711
0.0075,99.04811488335893,99.99999999558152,0.951885112222584,0.251,2.0903438903314555
0.009999999999999998,98.63887467962934,99.99999999558152,1.3611253159521794,0.311,2.6320426961848225
0.012499999999999999,98.3127649122976,99.99999999558152,1.6872350832839231,0.376,3.2230204917069867
0.015,97.8077775491493,99.99999999558152,2.1922224464322255,0.373,3.6410687827093984
0.017499999999999998,97.54729384110144,99.99999999558152,2.452706154480083,0.398,4.3534496529412765
