Parameter,Min_Callable_Value,Max_Callable_Value,Min_Option_Value,Max_Option_Value,Min_Call_Probability,Max_Call_Probability
COUPON,93.96340512795756,102.34096284996794,0.23764455731154044,6.248991735317176,0.055,0.892
MATURITY,95.23509708540756,99.47360619977557,0.5263937968371977,4.764902904871988,0.202,0.492
SIGMA,97.54729384110144,99.45227329991309,0.5477266956684304,2.452706154480083,0.167,0.398
YTM,95.22242797293835,102.03290235140433,-0.07357583485844543,5.867243480537212,0.095,0.825
