coupon_rate,callable_bond_value,straight_bond_value,option_value,call_probability,callable_values_std
0.03,94.14977001400662,94.2733636024458,0.12359358843917789,0.06,3.542716215338951
0.034999999999999996,96.0352217281584,96.0629374753007,0.0277157471422953,0.111,3.288390982091703
0.039999999999999994,97.30036681131614,97.85251134815563,0.5521445368394922,0.202,2.9764322962569643
0.04499999999999999,98.4524523560465,99.64208522101055,1.1896328649640395,0.286,2.717182692958387
0.04999999999999999,99.6366300158044,101.43165909386545,1.7950290780610487,0.419,2.184972879032162
0.054999999999999986,100.50375762107977,103.22123296672036,2.717475345640594,0.563,1.6956329622294624
0.059999999999999984,101.17638314906776,105.01080683957527,3.8344236905075064,0.68,1.3999706118028343
0.06499999999999997,101.81798565343915,106.80038071243018,4.982395058991031,0.78,0.9677275239620453
0.06999999999999998,102.32217379000933,108.58995458528511,6.267780795275783,0.86,0.81984971099516
