time_to_maturity_years,callable_bond_value,straight_bond_value,option_value,call_probability,callable_values_std
3,99.3841092254159,99.99999999661277,0.6158907711968737,0.203,1.8570155829200024
4,98.65311344687346,99.99999999558152,1.3468865487080564,0.316,2.611750638257897
5,98.14280221946424,99.99999999459561,1.8571977751313682,0.363,3.2320234339628016
6,97.72651943382816,99.99999999365306,2.273480559824904,0.428,3.915709228739663
7,96.84320453417989,99.99999999275197,3.156795458572077,0.446,4.785778667655778
8,96.27215546036058,99.99999999189049,3.727844531529911,0.463,5.446061287589713
10,94.909857974749,99.99999999027955,5.090142015530546,0.487,7.125246731819365
