sigma,callable_bond_value,straight_bond_value,option_value,call_probability,callable_values_std
0.005,99.50600466434554,99.99999999558152,0.49399533123597905,0.14,1.5574272736163504
0.0075,99.14823009213502,99.99999999558152,0.8517699034464954,0.263,1.9844519343009495
0.009999999999999998,98.51058154270099,99.99999999558152,1.4894184528805283,0.289,2.7340508291207026
0.012499999999999999,98.17845006278748,99.99999999558152,1.821549932794042,0.353,3.3025317510249956
0.015,97.9781400493066,99.99999999558152,2.0218599462749154,0.381,3.842443417183606
0.017499999999999998,97.5397966328493,99.99999999558152,2.4602033627322157,0.415,4.289557920180762
