straight_bond_ytm,callable_bond_value,straight_bond_value,option_value,call_probability,callable_values_std
0.025,102.11384464564375,107.90014583194154,5.786301186297791,0.848,0.8743628988810316
0.030000000000000002,101.49436394431736,105.94735743973224,4.452993495414887,0.726,1.1689752205855626
0.035,100.83059184946913,104.04038712482063,3.209795275351496,0.58,1.5424431454019385
0.04000000000000001,100.03252023376618,102.1779371300096,2.145416896243418,0.472,1.9739050546427115
0.045000000000000005,99.0422195883315,100.35875256535371,1.3165329770222058,0.315,2.4342416297173233
0.05,97.819820866292,98.58161979399823,0.7617989277062236,0.2,2.8307625311559703
0.05500000000000001,96.30080115791827,96.84536488616237,0.5445637282440998,0.13,3.245384450477839
0.06000000000000001,94.94528755978014,95.1488521380799,0.20356457829976193,0.079,3.4942818085766914
